<?xml version="1.0" encoding="UTF-8"?>




<response>
	<header>
		<resultCode>00</resultCode>
		<resultMsg>NORMAL SERVICE.</resultMsg>
	</header>
	<body>
		<items>
			
				<item>
					<stationName>중구</stationName>
					
					<dataTime>2017-05-31 01:00</dataTime>
					<so2Value>0.003</so2Value>
					<coValue>0.3</coValue>
					<o3Value>0.018</o3Value>
					<no2Value>0.040</no2Value>
					<pm10Value>21</pm10Value>
					
					
				    
					<khaiValue>66</khaiValue>
					<khaiGrade>2</khaiGrade>
					<so2Grade>1</so2Grade>
					<coGrade>1</coGrade>
					<o3Grade>1</o3Grade>
					<no2Grade>2</no2Grade>
					<pm10Grade>1</pm10Grade>
					
				    
				</item>
			
				<item>
					<stationName>한강대로</stationName>
					
					<dataTime>2017-05-31 01:00</dataTime>
					<so2Value>0.004</so2Value>
					<coValue>0.5</coValue>
					<o3Value>0.009</o3Value>
					<no2Value>0.047</no2Value>
					<pm10Value>32</pm10Value>
					
					
				    
					<khaiValue>78</khaiValue>
					<khaiGrade>2</khaiGrade>
					<so2Grade>1</so2Grade>
					<coGrade>1</coGrade>
					<o3Grade>1</o3Grade>
					<no2Grade>2</no2Grade>
					<pm10Grade>2</pm10Grade>
					
				    
				</item>
			
				<item>
					<stationName>종로구</stationName>
					
					<dataTime>2017-05-31 01:00</dataTime>
					<so2Value>0.004</so2Value>
					<coValue>0.5</coValue>
					<o3Value>0.006</o3Value>
					<no2Value>0.056</no2Value>
					<pm10Value>24</pm10Value>
					
					
				    
					<khaiValue>93</khaiValue>
					<khaiGrade>2</khaiGrade>
					<so2Grade>1</so2Grade>
					<coGrade>1</coGrade>
					<o3Grade>1</o3Grade>
					<no2Grade>2</no2Grade>
					<pm10Grade>1</pm10Grade>
					
				    
				</item>
			
				<item>
					<stationName>청계천로</stationName>
					
					<dataTime>2017-05-31 01:00</dataTime>
					<so2Value>0.006</so2Value>
					<coValue>0.5</coValue>
					<o3Value>0.005</o3Value>
					<no2Value>0.060</no2Value>
					<pm10Value>33</pm10Value>
					
					
				    
					<khaiValue>100</khaiValue>
					<khaiGrade>2</khaiGrade>
					<so2Grade>1</so2Grade>
					<coGrade>1</coGrade>
					<o3Grade>1</o3Grade>
					<no2Grade>2</no2Grade>
					<pm10Grade>2</pm10Grade>
					
				    
				</item>
			
				<item>
					<stationName>종로</stationName>
					
					<dataTime>2017-05-31 01:00</dataTime>
					<so2Value>0.004</so2Value>
					<coValue>0.3</coValue>
					<o3Value>0.006</o3Value>
					<no2Value>0.048</no2Value>
					<pm10Value>30</pm10Value>
					
					
				    
					<khaiValue>80</khaiValue>
					<khaiGrade>2</khaiGrade>
					<so2Grade>1</so2Grade>
					<coGrade>1</coGrade>
					<o3Grade>1</o3Grade>
					<no2Grade>2</no2Grade>
					<pm10Grade>2</pm10Grade>
					
				    
				</item>
			
				<item>
					<stationName>용산구</stationName>
					
					<dataTime>2017-05-31 01:00</dataTime>
					<so2Value>0.004</so2Value>
					<coValue>0.3</coValue>
					<o3Value>0.010</o3Value>
					<no2Value>0.031</no2Value>
					<pm10Value>18</pm10Value>
					
					
				    
					<khaiValue>51</khaiValue>
					<khaiGrade>2</khaiGrade>
					<so2Grade>1</so2Grade>
					<coGrade>1</coGrade>
					<o3Grade>1</o3Grade>
					<no2Grade>2</no2Grade>
					<pm10Grade>1</pm10Grade>
					
				    
				</item>
			
				<item>
					<stationName>광진구</stationName>
					
					<dataTime>2017-05-31 01:00</dataTime>
					<so2Value>0.005</so2Value>
					<coValue>0.5</coValue>
					<o3Value>0.014</o3Value>
					<no2Value>0.049</no2Value>
					<pm10Value>27</pm10Value>
					
					
				    
					<khaiValue>81</khaiValue>
					<khaiGrade>2</khaiGrade>
					<so2Grade>1</so2Grade>
					<coGrade>1</coGrade>
					<o3Grade>1</o3Grade>
					<no2Grade>2</no2Grade>
					<pm10Grade>1</pm10Grade>
					
				    
				</item>
			
				<item>
					<stationName>성동구</stationName>
					
					<dataTime>2017-05-31 01:00</dataTime>
					<so2Value>0.005</so2Value>
					<coValue>0.2</coValue>
					<o3Value>0.012</o3Value>
					<no2Value>0.037</no2Value>
					<pm10Value>35</pm10Value>
					
					
				    
					<khaiValue>66</khaiValue>
					<khaiGrade>2</khaiGrade>
					<so2Grade>1</so2Grade>
					<coGrade>1</coGrade>
					<o3Grade>1</o3Grade>
					<no2Grade>2</no2Grade>
					<pm10Grade>2</pm10Grade>
					
				    
				</item>
			
				<item>
					<stationName>강변북로</stationName>
					
					<dataTime>2017-05-31 01:00</dataTime>
					<so2Value>0.004</so2Value>
					<coValue>0.6</coValue>
					<o3Value>0.008</o3Value>
					<no2Value>0.048</no2Value>
					<pm10Value>46</pm10Value>
					
					
				    
					<khaiValue>80</khaiValue>
					<khaiGrade>2</khaiGrade>
					<so2Grade>1</so2Grade>
					<coGrade>1</coGrade>
					<o3Grade>1</o3Grade>
					<no2Grade>2</no2Grade>
					<pm10Grade>2</pm10Grade>
					
				    
				</item>
			
				<item>
					<stationName>중랑구</stationName>
					
					<dataTime>2017-05-31 01:00</dataTime>
					<so2Value>0.006</so2Value>
					<coValue>0.4</coValue>
					<o3Value>0.002</o3Value>
					<no2Value>0.065</no2Value>
					<pm10Value>39</pm10Value>
					
					
				    
					<khaiValue>105</khaiValue>
					<khaiGrade>3</khaiGrade>
					<so2Grade>1</so2Grade>
					<coGrade>1</coGrade>
					<o3Grade>1</o3Grade>
					<no2Grade>3</no2Grade>
					<pm10Grade>2</pm10Grade>
					
				    
				</item>
			
				<item>
					<stationName>동대문구</stationName>
					
					<dataTime>2017-05-31 01:00</dataTime>
					<so2Value>0.005</so2Value>
					<coValue>0.5</coValue>
					<o3Value>0.012</o3Value>
					<no2Value>0.046</no2Value>
					<pm10Value>30</pm10Value>
					
					
				    
					<khaiValue>76</khaiValue>
					<khaiGrade>2</khaiGrade>
					<so2Grade>1</so2Grade>
					<coGrade>1</coGrade>
					<o3Grade>1</o3Grade>
					<no2Grade>2</no2Grade>
					<pm10Grade>2</pm10Grade>
					
				    
				</item>
			
				<item>
					<stationName>홍릉로</stationName>
					
					<dataTime>2017-05-31 01:00</dataTime>
					<so2Value>0.005</so2Value>
					<coValue>0.6</coValue>
					<o3Value>0.006</o3Value>
					<no2Value>0.057</no2Value>
					<pm10Value>37</pm10Value>
					
					
				    
					<khaiValue>95</khaiValue>
					<khaiGrade>2</khaiGrade>
					<so2Grade>1</so2Grade>
					<coGrade>1</coGrade>
					<o3Grade>1</o3Grade>
					<no2Grade>2</no2Grade>
					<pm10Grade>2</pm10Grade>
					
				    
				</item>
			
				<item>
					<stationName>성북구</stationName>
					
					<dataTime>2017-05-31 01:00</dataTime>
					<so2Value>0.004</so2Value>
					<coValue>0.5</coValue>
					<o3Value>0.016</o3Value>
					<no2Value>0.038</no2Value>
					<pm10Value>37</pm10Value>
					
					
				    
					<khaiValue>63</khaiValue>
					<khaiGrade>2</khaiGrade>
					<so2Grade>1</so2Grade>
					<coGrade>1</coGrade>
					<o3Grade>1</o3Grade>
					<no2Grade>2</no2Grade>
					<pm10Grade>2</pm10Grade>
					
				    
				</item>
			
				<item>
					<stationName>정릉로</stationName>
					
					<dataTime>2017-05-31 01:00</dataTime>
					<so2Value>0.006</so2Value>
					<coValue>0.4</coValue>
					<o3Value>0.012</o3Value>
					<no2Value>0.036</no2Value>
					<pm10Value>20</pm10Value>
					
					
				    
					<khaiValue>59</khaiValue>
					<khaiGrade>2</khaiGrade>
					<so2Grade>1</so2Grade>
					<coGrade>1</coGrade>
					<o3Grade>1</o3Grade>
					<no2Grade>2</no2Grade>
					<pm10Grade>2</pm10Grade>
					
				    
				</item>
			
				<item>
					<stationName>도봉구</stationName>
					
					<dataTime>2017-05-31 01:00</dataTime>
					<so2Value>0.004</so2Value>
					<coValue>0.4</coValue>
					<o3Value>0.031</o3Value>
					<no2Value>0.019</no2Value>
					<pm10Value>39</pm10Value>
					
					
				    
					<khaiValue>-</khaiValue>
					<khaiGrade></khaiGrade>
					<so2Grade>1</so2Grade>
					<coGrade>1</coGrade>
					<o3Grade>2</o3Grade>
					<no2Grade>1</no2Grade>
					<pm10Grade>2</pm10Grade>
					
				    
				</item>
			
				<item>
					<stationName>은평구</stationName>
					
					<dataTime>2017-05-31 01:00</dataTime>
					<so2Value>0.006</so2Value>
					<coValue>0.4</coValue>
					<o3Value>0.019</o3Value>
					<no2Value>0.034</no2Value>
					<pm10Value>25</pm10Value>
					
					
				    
					<khaiValue>56</khaiValue>
					<khaiGrade>2</khaiGrade>
					<so2Grade>1</so2Grade>
					<coGrade>1</coGrade>
					<o3Grade>1</o3Grade>
					<no2Grade>2</no2Grade>
					<pm10Grade>2</pm10Grade>
					
				    
				</item>
			
				<item>
					<stationName>서대문구</stationName>
					
					<dataTime>2017-05-31 01:00</dataTime>
					<so2Value>0.005</so2Value>
					<coValue>0.5</coValue>
					<o3Value>0.018</o3Value>
					<no2Value>0.036</no2Value>
					<pm10Value>36</pm10Value>
					
					
				    
					<khaiValue>60</khaiValue>
					<khaiGrade>2</khaiGrade>
					<so2Grade>1</so2Grade>
					<coGrade>1</coGrade>
					<o3Grade>1</o3Grade>
					<no2Grade>2</no2Grade>
					<pm10Grade>2</pm10Grade>
					
				    
				</item>
			
				<item>
					<stationName>마포구</stationName>
					
					<dataTime>2017-05-31 01:00</dataTime>
					<so2Value>0.004</so2Value>
					<coValue>0.4</coValue>
					<o3Value>0.018</o3Value>
					<no2Value>0.033</no2Value>
					<pm10Value>29</pm10Value>
					
					
				    
					<khaiValue>57</khaiValue>
					<khaiGrade>2</khaiGrade>
					<so2Grade>1</so2Grade>
					<coGrade>1</coGrade>
					<o3Grade>1</o3Grade>
					<no2Grade>2</no2Grade>
					<pm10Grade>2</pm10Grade>
					
				    
				</item>
			
				<item>
					<stationName>신촌로</stationName>
					
					<dataTime>2017-05-31 01:00</dataTime>
					<so2Value>0.005</so2Value>
					<coValue>0.8</coValue>
					<o3Value>0.009</o3Value>
					<no2Value>0.044</no2Value>
					<pm10Value>37</pm10Value>
					
					
				    
					<khaiValue>73</khaiValue>
					<khaiGrade>2</khaiGrade>
					<so2Grade>1</so2Grade>
					<coGrade>1</coGrade>
					<o3Grade>1</o3Grade>
					<no2Grade>2</no2Grade>
					<pm10Grade>2</pm10Grade>
					
				    
				</item>
			
				<item>
					<stationName>강서구</stationName>
					
					<dataTime>2017-05-31 01:00</dataTime>
					<so2Value>0.009</so2Value>
					<coValue>0.2</coValue>
					<o3Value>0.028</o3Value>
					<no2Value>0.031</no2Value>
					<pm10Value>42</pm10Value>
					
					
				    
					<khaiValue>58</khaiValue>
					<khaiGrade>2</khaiGrade>
					<so2Grade>1</so2Grade>
					<coGrade>1</coGrade>
					<o3Grade>1</o3Grade>
					<no2Grade>2</no2Grade>
					<pm10Grade>2</pm10Grade>
					
				    
				</item>
			
				<item>
					<stationName>공항대로</stationName>
					
					<dataTime>2017-05-31 01:00</dataTime>
					<so2Value>0.004</so2Value>
					<coValue>0.4</coValue>
					<o3Value>0.018</o3Value>
					<no2Value>0.035</no2Value>
					<pm10Value>40</pm10Value>
					
					
				    
					<khaiValue>65</khaiValue>
					<khaiGrade>2</khaiGrade>
					<so2Grade>1</so2Grade>
					<coGrade>1</coGrade>
					<o3Grade>1</o3Grade>
					<no2Grade>2</no2Grade>
					<pm10Grade>2</pm10Grade>
					
				    
				</item>
			
				<item>
					<stationName>구로구</stationName>
					
					<dataTime>2017-05-31 01:00</dataTime>
					<so2Value>0.005</so2Value>
					<coValue>0.4</coValue>
					<o3Value>0.021</o3Value>
					<no2Value>0.022</no2Value>
					<pm10Value>42</pm10Value>
					
					
				    
					<khaiValue>59</khaiValue>
					<khaiGrade>2</khaiGrade>
					<so2Grade>1</so2Grade>
					<coGrade>1</coGrade>
					<o3Grade>1</o3Grade>
					<no2Grade>1</no2Grade>
					<pm10Grade>2</pm10Grade>
					
				    
				</item>
			
				<item>
					<stationName>영등포구</stationName>
					
					<dataTime>2017-05-31 01:00</dataTime>
					<so2Value>0.002</so2Value>
					<coValue>0.7</coValue>
					<o3Value>0.029</o3Value>
					<no2Value>0.027</no2Value>
					<pm10Value>30</pm10Value>
					
					
				    
					<khaiValue>60</khaiValue>
					<khaiGrade>2</khaiGrade>
					<so2Grade>1</so2Grade>
					<coGrade>1</coGrade>
					<o3Grade>1</o3Grade>
					<no2Grade>1</no2Grade>
					<pm10Grade>2</pm10Grade>
					
				    
				</item>
			
				<item>
					<stationName>영등포로</stationName>
					
					<dataTime>2017-05-31 01:00</dataTime>
					<so2Value>0.006</so2Value>
					<coValue>0.3</coValue>
					<o3Value>0.014</o3Value>
					<no2Value>0.030</no2Value>
					<pm10Value>38</pm10Value>
					
					
				    
					<khaiValue>68</khaiValue>
					<khaiGrade>2</khaiGrade>
					<so2Grade>1</so2Grade>
					<coGrade>1</coGrade>
					<o3Grade>1</o3Grade>
					<no2Grade>1</no2Grade>
					<pm10Grade>2</pm10Grade>
					
				    
				</item>
			
				<item>
					<stationName>동작구</stationName>
					
					<dataTime>2017-05-31 01:00</dataTime>
					<so2Value>0.004</so2Value>
					<coValue>0.4</coValue>
					<o3Value>0.021</o3Value>
					<no2Value>0.039</no2Value>
					<pm10Value>31</pm10Value>
					
					
				    
					<khaiValue>65</khaiValue>
					<khaiGrade>2</khaiGrade>
					<so2Grade>1</so2Grade>
					<coGrade>1</coGrade>
					<o3Grade>1</o3Grade>
					<no2Grade>2</no2Grade>
					<pm10Grade>1</pm10Grade>
					
				    
				</item>
			
				<item>
					<stationName>동작대로 중앙차로</stationName>
					
					<dataTime>2017-05-31 01:00</dataTime>
					<so2Value>0.006</so2Value>
					<coValue>0.6</coValue>
					<o3Value>0.016</o3Value>
					<no2Value>0.047</no2Value>
					<pm10Value>42</pm10Value>
					
					
				    
					<khaiValue>78</khaiValue>
					<khaiGrade>2</khaiGrade>
					<so2Grade>1</so2Grade>
					<coGrade>1</coGrade>
					<o3Grade>1</o3Grade>
					<no2Grade>2</no2Grade>
					<pm10Grade>2</pm10Grade>
					
				    
				</item>
			
				<item>
					<stationName>관악구</stationName>
					
					<dataTime>2017-05-31 01:00</dataTime>
					<so2Value>0.003</so2Value>
					<coValue>0.3</coValue>
					<o3Value>0.028</o3Value>
					<no2Value>0.025</no2Value>
					<pm10Value>41</pm10Value>
					
					
				    
					<khaiValue>-</khaiValue>
					<khaiGrade></khaiGrade>
					<so2Grade>1</so2Grade>
					<coGrade>1</coGrade>
					<o3Grade>1</o3Grade>
					<no2Grade>1</no2Grade>
					<pm10Grade>2</pm10Grade>
					
				    
				</item>
			
				<item>
					<stationName>강남구</stationName>
					
					<dataTime>2017-05-31 01:00</dataTime>
					<so2Value>0.005</so2Value>
					<coValue>0.2</coValue>
					<o3Value>0.016</o3Value>
					<no2Value>0.033</no2Value>
					<pm10Value>30</pm10Value>
					
					
				    
					<khaiValue>59</khaiValue>
					<khaiGrade>2</khaiGrade>
					<so2Grade>1</so2Grade>
					<coGrade>1</coGrade>
					<o3Grade>1</o3Grade>
					<no2Grade>2</no2Grade>
					<pm10Grade>2</pm10Grade>
					
				    
				</item>
			
				<item>
					<stationName>서초구</stationName>
					
					<dataTime>2017-05-31 01:00</dataTime>
					<so2Value>0.005</so2Value>
					<coValue>0.4</coValue>
					<o3Value>0.026</o3Value>
					<no2Value>0.028</no2Value>
					<pm10Value>47</pm10Value>
					
					
				    
					<khaiValue>61</khaiValue>
					<khaiGrade>2</khaiGrade>
					<so2Grade>1</so2Grade>
					<coGrade>1</coGrade>
					<o3Grade>1</o3Grade>
					<no2Grade>1</no2Grade>
					<pm10Grade>2</pm10Grade>
					
				    
				</item>
			
				<item>
					<stationName>도산대로</stationName>
					
					<dataTime>2017-05-31 01:00</dataTime>
					<so2Value>0.000</so2Value>
					<coValue>0.0</coValue>
					<o3Value>0.000</o3Value>
					<no2Value>0.000</no2Value>
					<pm10Value>-</pm10Value>
					
					
				    
					<khaiValue>-</khaiValue>
					<khaiGrade></khaiGrade>
					<so2Grade>1</so2Grade>
					<coGrade>1</coGrade>
					<o3Grade>1</o3Grade>
					<no2Grade>1</no2Grade>
					<pm10Grade></pm10Grade>
					
				    
				</item>
			
				<item>
					<stationName>강남대로</stationName>
					
					<dataTime>2017-05-31 01:00</dataTime>
					<so2Value>0.006</so2Value>
					<coValue>0.7</coValue>
					<o3Value>0.005</o3Value>
					<no2Value>0.064</no2Value>
					<pm10Value>45</pm10Value>
					
					
				    
					<khaiValue>104</khaiValue>
					<khaiGrade>3</khaiGrade>
					<so2Grade>1</so2Grade>
					<coGrade>1</coGrade>
					<o3Grade>1</o3Grade>
					<no2Grade>3</no2Grade>
					<pm10Grade>2</pm10Grade>
					
				    
				</item>
			
				<item>
					<stationName>송파구</stationName>
					
					<dataTime>2017-05-31 01:00</dataTime>
					<so2Value>0.005</so2Value>
					<coValue>0.5</coValue>
					<o3Value>0.011</o3Value>
					<no2Value>0.044</no2Value>
					<pm10Value>37</pm10Value>
					
					
				    
					<khaiValue>-</khaiValue>
					<khaiGrade></khaiGrade>
					<so2Grade>1</so2Grade>
					<coGrade>1</coGrade>
					<o3Grade>1</o3Grade>
					<no2Grade>2</no2Grade>
					<pm10Grade>2</pm10Grade>
					
				    
				</item>
			
				<item>
					<stationName>강동구</stationName>
					
					<dataTime>2017-05-31 01:00</dataTime>
					<so2Value>0.005</so2Value>
					<coValue>0.5</coValue>
					<o3Value>0.002</o3Value>
					<no2Value>0.063</no2Value>
					<pm10Value>43</pm10Value>
					
					
				    
					<khaiValue>103</khaiValue>
					<khaiGrade>3</khaiGrade>
					<so2Grade>1</so2Grade>
					<coGrade>1</coGrade>
					<o3Grade>1</o3Grade>
					<no2Grade>3</no2Grade>
					<pm10Grade>2</pm10Grade>
					
				    
				</item>
			
				<item>
					<stationName>천호대로</stationName>
					
					<dataTime>2017-05-31 01:00</dataTime>
					<so2Value>0.005</so2Value>
					<coValue>0.4</coValue>
					<o3Value>0.002</o3Value>
					<no2Value>0.063</no2Value>
					<pm10Value>33</pm10Value>
					
					
				    
					<khaiValue>103</khaiValue>
					<khaiGrade>3</khaiGrade>
					<so2Grade>1</so2Grade>
					<coGrade>1</coGrade>
					<o3Grade>1</o3Grade>
					<no2Grade>3</no2Grade>
					<pm10Grade>2</pm10Grade>
					
				    
				</item>
			
				<item>
					<stationName>금천구</stationName>
					
					<dataTime>2017-05-31 01:00</dataTime>
					<so2Value>0.005</so2Value>
					<coValue>0.4</coValue>
					<o3Value>0.007</o3Value>
					<no2Value>0.052</no2Value>
					<pm10Value>36</pm10Value>
					
					
				    
					<khaiValue>86</khaiValue>
					<khaiGrade>2</khaiGrade>
					<so2Grade>1</so2Grade>
					<coGrade>1</coGrade>
					<o3Grade>1</o3Grade>
					<no2Grade>2</no2Grade>
					<pm10Grade>2</pm10Grade>
					
				    
				</item>
			
				<item>
					<stationName>강북구</stationName>
					
					<dataTime>2017-05-31 01:00</dataTime>
					<so2Value>0.004</so2Value>
					<coValue>0.3</coValue>
					<o3Value>0.026</o3Value>
					<no2Value>0.027</no2Value>
					<pm10Value>14</pm10Value>
					
					
				    
					<khaiValue>45</khaiValue>
					<khaiGrade>1</khaiGrade>
					<so2Grade>1</so2Grade>
					<coGrade>1</coGrade>
					<o3Grade>1</o3Grade>
					<no2Grade>1</no2Grade>
					<pm10Grade>1</pm10Grade>
					
				    
				</item>
			
				<item>
					<stationName>양천구</stationName>
					
					<dataTime>2017-05-31 01:00</dataTime>
					<so2Value>0.004</so2Value>
					<coValue>0.3</coValue>
					<o3Value>0.018</o3Value>
					<no2Value>0.024</no2Value>
					<pm10Value>31</pm10Value>
					
					
				    
					<khaiValue>55</khaiValue>
					<khaiGrade>2</khaiGrade>
					<so2Grade>1</so2Grade>
					<coGrade>1</coGrade>
					<o3Grade>1</o3Grade>
					<no2Grade>1</no2Grade>
					<pm10Grade>1</pm10Grade>
					
				    
				</item>
			
				<item>
					<stationName>노원구</stationName>
					
					<dataTime>2017-05-31 01:00</dataTime>
					<so2Value>0.004</so2Value>
					<coValue>0.4</coValue>
					<o3Value>0.016</o3Value>
					<no2Value>0.045</no2Value>
					<pm10Value>29</pm10Value>
					
					
				    
					<khaiValue>75</khaiValue>
					<khaiGrade>2</khaiGrade>
					<so2Grade>1</so2Grade>
					<coGrade>1</coGrade>
					<o3Grade>1</o3Grade>
					<no2Grade>2</no2Grade>
					<pm10Grade>2</pm10Grade>
					
				    
				</item>
			
				<item>
					<stationName>화랑로</stationName>
					
					<dataTime>2017-05-31 01:00</dataTime>
					<so2Value>0.004</so2Value>
					<coValue>0.7</coValue>
					<o3Value>0.004</o3Value>
					<no2Value>0.058</no2Value>
					<pm10Value>39</pm10Value>
					
					
				    
					<khaiValue>97</khaiValue>
					<khaiGrade>2</khaiGrade>
					<so2Grade>1</so2Grade>
					<coGrade>1</coGrade>
					<o3Grade>1</o3Grade>
					<no2Grade>2</no2Grade>
					<pm10Grade>2</pm10Grade>
					
				    
				</item>
			
		</items>
			<numOfRows>81</numOfRows>
			<pageNo>1</pageNo>
			<totalCount>39</totalCount>
	</body>
</response>
