<?xml version="1.0" encoding="UTF-8"?>




<response>
	<header>
		<resultCode>00</resultCode>
		<resultMsg>NORMAL SERVICE.</resultMsg>
	</header>
	<body>
		<items>
			
				<item>
					<stationName>광복동</stationName>
					
					<dataTime>2017-06-09 22:00</dataTime>
					<so2Value>0.010</so2Value>
					<coValue>0.5</coValue>
					<o3Value>0.066</o3Value>
					<no2Value>0.027</no2Value>
					<pm10Value>56</pm10Value>
					
					
				    
					<khaiValue>80</khaiValue>
					<khaiGrade>2</khaiGrade>
					<so2Grade>1</so2Grade>
					<coGrade>1</coGrade>
					<o3Grade>2</o3Grade>
					<no2Grade>1</no2Grade>
					<pm10Grade>2</pm10Grade>
					
				    
				</item>
			
				<item>
					<stationName>초량동</stationName>
					
					<dataTime>2017-06-09 23:00</dataTime>
					<so2Value>0.007</so2Value>
					<coValue>0.6</coValue>
					<o3Value>0.020</o3Value>
					<no2Value>0.081</no2Value>
					<pm10Value>90</pm10Value>
					
					
				    
					<khaiValue>122</khaiValue>
					<khaiGrade>3</khaiGrade>
					<so2Grade>1</so2Grade>
					<coGrade>1</coGrade>
					<o3Grade>1</o3Grade>
					<no2Grade>3</no2Grade>
					<pm10Grade>2</pm10Grade>
					
				    
				</item>
			
				<item>
					<stationName>태종대</stationName>
					
					<dataTime>2017-06-09 22:00</dataTime>
					<so2Value>0.007</so2Value>
					<coValue>0.4</coValue>
					<o3Value>0.063</o3Value>
					<no2Value>0.014</no2Value>
					<pm10Value>66</pm10Value>
					
					
				    
					<khaiValue>82</khaiValue>
					<khaiGrade>2</khaiGrade>
					<so2Grade>1</so2Grade>
					<coGrade>1</coGrade>
					<o3Grade>2</o3Grade>
					<no2Grade>1</no2Grade>
					<pm10Grade>2</pm10Grade>
					
				    
				</item>
			
				<item>
					<stationName>전포동</stationName>
					
					<dataTime>2017-06-09 22:00</dataTime>
					<so2Value>0.016</so2Value>
					<coValue>0.4</coValue>
					<o3Value>0.036</o3Value>
					<no2Value>0.051</no2Value>
					<pm10Value>63</pm10Value>
					
					
				    
					<khaiValue>85</khaiValue>
					<khaiGrade>2</khaiGrade>
					<so2Grade>1</so2Grade>
					<coGrade>1</coGrade>
					<o3Grade>2</o3Grade>
					<no2Grade>2</no2Grade>
					<pm10Grade>2</pm10Grade>
					
				    
				</item>
			
				<item>
					<stationName>온천동</stationName>
					
					<dataTime>2017-06-09 23:00</dataTime>
					<so2Value>0.002</so2Value>
					<coValue>0.7</coValue>
					<o3Value>0.050</o3Value>
					<no2Value>0.053</no2Value>
					<pm10Value>68</pm10Value>
					
					
				    
					<khaiValue>88</khaiValue>
					<khaiGrade>2</khaiGrade>
					<so2Grade>1</so2Grade>
					<coGrade>1</coGrade>
					<o3Grade>2</o3Grade>
					<no2Grade>2</no2Grade>
					<pm10Grade>2</pm10Grade>
					
				    
				</item>
			
				<item>
					<stationName>명장동</stationName>
					
					<dataTime>2017-06-09 22:00</dataTime>
					<so2Value>-</so2Value>
					<coValue>-</coValue>
					<o3Value>0.061</o3Value>
					<no2Value>0.019</no2Value>
					<pm10Value>74</pm10Value>
					
					
				    
					<khaiValue>80</khaiValue>
					<khaiGrade>2</khaiGrade>
					<so2Grade></so2Grade>
					<coGrade></coGrade>
					<o3Grade>2</o3Grade>
					<no2Grade>1</no2Grade>
					<pm10Grade>2</pm10Grade>
					
				    
				</item>
			
				<item>
					<stationName>대연동</stationName>
					
					<dataTime>2017-06-09 22:00</dataTime>
					<so2Value>0.006</so2Value>
					<coValue>0.4</coValue>
					<o3Value>0.058</o3Value>
					<no2Value>0.029</no2Value>
					<pm10Value>61</pm10Value>
					
					
				    
					<khaiValue>81</khaiValue>
					<khaiGrade>2</khaiGrade>
					<so2Grade>1</so2Grade>
					<coGrade>1</coGrade>
					<o3Grade>2</o3Grade>
					<no2Grade>1</no2Grade>
					<pm10Grade>2</pm10Grade>
					
				    
				</item>
			
				<item>
					<stationName>학장동</stationName>
					
					<dataTime>2017-06-09 23:00</dataTime>
					<so2Value>0.004</so2Value>
					<coValue>0.3</coValue>
					<o3Value>0.075</o3Value>
					<no2Value>0.014</no2Value>
					<pm10Value>89</pm10Value>
					
					
				    
					<khaiValue>88</khaiValue>
					<khaiGrade>2</khaiGrade>
					<so2Grade>1</so2Grade>
					<coGrade>1</coGrade>
					<o3Grade>2</o3Grade>
					<no2Grade>1</no2Grade>
					<pm10Grade>2</pm10Grade>
					
				    
				</item>
			
				<item>
					<stationName>덕천동</stationName>
					
					<dataTime>2017-06-09 23:00</dataTime>
					<so2Value>0.004</so2Value>
					<coValue>0.5</coValue>
					<o3Value>0.071</o3Value>
					<no2Value>0.011</no2Value>
					<pm10Value>61</pm10Value>
					
					
				    
					<khaiValue>84</khaiValue>
					<khaiGrade>2</khaiGrade>
					<so2Grade>1</so2Grade>
					<coGrade>1</coGrade>
					<o3Grade>2</o3Grade>
					<no2Grade>1</no2Grade>
					<pm10Grade>2</pm10Grade>
					
				    
				</item>
			
				<item>
					<stationName>청룡동</stationName>
					
					<dataTime>2017-06-09 23:00</dataTime>
					<so2Value>-</so2Value>
					<coValue>-</coValue>
					<o3Value>0.086</o3Value>
					<no2Value>0.011</no2Value>
					<pm10Value>57</pm10Value>
					
					
				    
					<khaiValue>97</khaiValue>
					<khaiGrade>2</khaiGrade>
					<so2Grade></so2Grade>
					<coGrade></coGrade>
					<o3Grade>2</o3Grade>
					<no2Grade>1</no2Grade>
					<pm10Grade>2</pm10Grade>
					
				    
				</item>
			
				<item>
					<stationName>좌동</stationName>
					
					<dataTime>2017-06-09 22:00</dataTime>
					<so2Value>0.006</so2Value>
					<coValue>0.4</coValue>
					<o3Value>0.068</o3Value>
					<no2Value>0.019</no2Value>
					<pm10Value>70</pm10Value>
					
					
				    
					<khaiValue>83</khaiValue>
					<khaiGrade>2</khaiGrade>
					<so2Grade>1</so2Grade>
					<coGrade>1</coGrade>
					<o3Grade>2</o3Grade>
					<no2Grade>1</no2Grade>
					<pm10Grade>2</pm10Grade>
					
				    
				</item>
			
				<item>
					<stationName>장림동</stationName>
					
					<dataTime>2017-06-09 22:00</dataTime>
					<so2Value>0.007</so2Value>
					<coValue>0.4</coValue>
					<o3Value>0.049</o3Value>
					<no2Value>0.021</no2Value>
					<pm10Value>63</pm10Value>
					
					
				    
					<khaiValue>76</khaiValue>
					<khaiGrade>2</khaiGrade>
					<so2Grade>1</so2Grade>
					<coGrade>1</coGrade>
					<o3Grade>2</o3Grade>
					<no2Grade>1</no2Grade>
					<pm10Grade>2</pm10Grade>
					
				    
				</item>
			
				<item>
					<stationName>대저동</stationName>
					
					<dataTime>2017-06-09 23:00</dataTime>
					<so2Value>0.006</so2Value>
					<coValue>0.4</coValue>
					<o3Value>0.048</o3Value>
					<no2Value>0.018</no2Value>
					<pm10Value>70</pm10Value>
					
					
				    
					<khaiValue>81</khaiValue>
					<khaiGrade>2</khaiGrade>
					<so2Grade>1</so2Grade>
					<coGrade>1</coGrade>
					<o3Grade>2</o3Grade>
					<no2Grade>1</no2Grade>
					<pm10Grade>2</pm10Grade>
					
				    
				</item>
			
				<item>
					<stationName>녹산동</stationName>
					
					<dataTime>2017-06-09 23:00</dataTime>
					<so2Value>0.003</so2Value>
					<coValue>0.3</coValue>
					<o3Value>0.063</o3Value>
					<no2Value>0.007</no2Value>
					<pm10Value>49</pm10Value>
					
					
				    
					<khaiValue>78</khaiValue>
					<khaiGrade>2</khaiGrade>
					<so2Grade>1</so2Grade>
					<coGrade>1</coGrade>
					<o3Grade>2</o3Grade>
					<no2Grade>1</no2Grade>
					<pm10Grade>2</pm10Grade>
					
				    
				</item>
			
				<item>
					<stationName>연산동</stationName>
					
					<dataTime>2017-06-09 23:00</dataTime>
					<so2Value>0.005</so2Value>
					<coValue>0.4</coValue>
					<o3Value>0.062</o3Value>
					<no2Value>0.017</no2Value>
					<pm10Value>59</pm10Value>
					
					
				    
					<khaiValue>80</khaiValue>
					<khaiGrade>2</khaiGrade>
					<so2Grade>1</so2Grade>
					<coGrade>1</coGrade>
					<o3Grade>2</o3Grade>
					<no2Grade>1</no2Grade>
					<pm10Grade>2</pm10Grade>
					
				    
				</item>
			
				<item>
					<stationName>기장읍</stationName>
					
					<dataTime>2017-06-09 22:00</dataTime>
					<so2Value>0.005</so2Value>
					<coValue>0.4</coValue>
					<o3Value>0.074</o3Value>
					<no2Value>0.011</no2Value>
					<pm10Value>59</pm10Value>
					
					
				    
					<khaiValue>87</khaiValue>
					<khaiGrade>2</khaiGrade>
					<so2Grade>1</so2Grade>
					<coGrade>1</coGrade>
					<o3Grade>2</o3Grade>
					<no2Grade>1</no2Grade>
					<pm10Grade>2</pm10Grade>
					
				    
				</item>
			
				<item>
					<stationName>용수리</stationName>
					
					<dataTime>2017-06-09 23:00</dataTime>
					<so2Value>0.004</so2Value>
					<coValue>0.4</coValue>
					<o3Value>0.077</o3Value>
					<no2Value>0.012</no2Value>
					<pm10Value>53</pm10Value>
					
					
				    
					<khaiValue>89</khaiValue>
					<khaiGrade>2</khaiGrade>
					<so2Grade>1</so2Grade>
					<coGrade>1</coGrade>
					<o3Grade>2</o3Grade>
					<no2Grade>1</no2Grade>
					<pm10Grade>2</pm10Grade>
					
				    
				</item>
			
				<item>
					<stationName>수정동</stationName>
					
					<dataTime>2017-06-09 23:00</dataTime>
					<so2Value>0.008</so2Value>
					<coValue>0.6</coValue>
					<o3Value>0.033</o3Value>
					<no2Value>0.040</no2Value>
					<pm10Value>73</pm10Value>
					
					
				    
					<khaiValue>83</khaiValue>
					<khaiGrade>2</khaiGrade>
					<so2Grade>1</so2Grade>
					<coGrade>1</coGrade>
					<o3Grade>2</o3Grade>
					<no2Grade>2</no2Grade>
					<pm10Grade>2</pm10Grade>
					
				    
				</item>
			
				<item>
					<stationName>부곡동</stationName>
					
					<dataTime>2017-06-09 23:00</dataTime>
					<so2Value>0.004</so2Value>
					<coValue>0.5</coValue>
					<o3Value>0.075</o3Value>
					<no2Value>0.019</no2Value>
					<pm10Value>58</pm10Value>
					
					
				    
					<khaiValue>88</khaiValue>
					<khaiGrade>2</khaiGrade>
					<so2Grade>1</so2Grade>
					<coGrade>1</coGrade>
					<o3Grade>2</o3Grade>
					<no2Grade>1</no2Grade>
					<pm10Grade>2</pm10Grade>
					
				    
				</item>
			
				<item>
					<stationName>광안동</stationName>
					
					<dataTime>2017-04-18 10:00</dataTime>
					<so2Value>-</so2Value>
					<coValue>-</coValue>
					<o3Value>0.024</o3Value>
					<no2Value>0.024</no2Value>
					<pm10Value>-</pm10Value>
					
					
				    
					<khaiValue>-</khaiValue>
					<khaiGrade></khaiGrade>
					<so2Grade></so2Grade>
					<coGrade></coGrade>
					<o3Grade>1</o3Grade>
					<no2Grade>1</no2Grade>
					<pm10Grade></pm10Grade>
					
				    
				</item>
			
				<item>
					<stationName>대신동</stationName>
					
					<dataTime>2017-06-09 23:00</dataTime>
					<so2Value>0.005</so2Value>
					<coValue>0.5</coValue>
					<o3Value>0.083</o3Value>
					<no2Value>0.009</no2Value>
					<pm10Value>70</pm10Value>
					
					
				    
					<khaiValue>94</khaiValue>
					<khaiGrade>2</khaiGrade>
					<so2Grade>1</so2Grade>
					<coGrade>1</coGrade>
					<o3Grade>2</o3Grade>
					<no2Grade>1</no2Grade>
					<pm10Grade>2</pm10Grade>
					
				    
				</item>
			
		</items>
			<numOfRows>81</numOfRows>
			<pageNo>1</pageNo>
			<totalCount>21</totalCount>
	</body>
</response>
