<?xml version="1.0" encoding="UTF-8"?>




<response>
	<header>
		<resultCode>00</resultCode>
		<resultMsg>NORMAL SERVICE.</resultMsg>
	</header>
	<body>
		<items>
			
				<item>
					<stationName>장흥동</stationName>
					
					<dataTime>2017-06-11 01:00</dataTime>
					<so2Value>0.022</so2Value>
					<coValue>0.4</coValue>
					<o3Value>0.025</o3Value>
					<no2Value>0.023</no2Value>
					<pm10Value>36</pm10Value>
					
					
				    
					<khaiValue>57</khaiValue>
					<khaiGrade>2</khaiGrade>
					<so2Grade>2</so2Grade>
					<coGrade>1</coGrade>
					<o3Grade>1</o3Grade>
					<no2Grade>1</no2Grade>
					<pm10Grade>2</pm10Grade>
					
				    
				</item>
			
				<item>
					<stationName>장량동</stationName>
					
					<dataTime>2017-06-11 01:00</dataTime>
					<so2Value>0.003</so2Value>
					<coValue>0.2</coValue>
					<o3Value>0.035</o3Value>
					<no2Value>0.008</no2Value>
					<pm10Value>34</pm10Value>
					
					
				    
					<khaiValue>62</khaiValue>
					<khaiGrade>2</khaiGrade>
					<so2Grade>1</so2Grade>
					<coGrade>1</coGrade>
					<o3Grade>2</o3Grade>
					<no2Grade>1</no2Grade>
					<pm10Grade>2</pm10Grade>
					
				    
				</item>
			
				<item>
					<stationName>대도동</stationName>
					
					<dataTime>2017-06-11 01:00</dataTime>
					<so2Value>0.004</so2Value>
					<coValue>0.7</coValue>
					<o3Value>0.043</o3Value>
					<no2Value>0.006</no2Value>
					<pm10Value>27</pm10Value>
					
					
				    
					<khaiValue>61</khaiValue>
					<khaiGrade>2</khaiGrade>
					<so2Grade>1</so2Grade>
					<coGrade>1</coGrade>
					<o3Grade>2</o3Grade>
					<no2Grade>1</no2Grade>
					<pm10Grade>2</pm10Grade>
					
				    
				</item>
			
				<item>
					<stationName>대송면</stationName>
					
					<dataTime>2017-06-11 02:00</dataTime>
					<so2Value>0.001</so2Value>
					<coValue>0.5</coValue>
					<o3Value>0.028</o3Value>
					<no2Value>0.005</no2Value>
					<pm10Value>30</pm10Value>
					
					
				    
					<khaiValue>66</khaiValue>
					<khaiGrade>2</khaiGrade>
					<so2Grade>1</so2Grade>
					<coGrade>1</coGrade>
					<o3Grade>1</o3Grade>
					<no2Grade>1</no2Grade>
					<pm10Grade>2</pm10Grade>
					
				    
				</item>
			
				<item>
					<stationName>3공단</stationName>
					
					<dataTime>2017-06-11 01:00</dataTime>
					<so2Value>0.004</so2Value>
					<coValue>0.4</coValue>
					<o3Value>0.030</o3Value>
					<no2Value>0.007</no2Value>
					<pm10Value>30</pm10Value>
					
					
				    
					<khaiValue>59</khaiValue>
					<khaiGrade>2</khaiGrade>
					<so2Grade>1</so2Grade>
					<coGrade>1</coGrade>
					<o3Grade>1</o3Grade>
					<no2Grade>1</no2Grade>
					<pm10Grade>2</pm10Grade>
					
				    
				</item>
			
				<item>
					<stationName>성건동</stationName>
					
					<dataTime>2017-06-11 01:00</dataTime>
					<so2Value>0.003</so2Value>
					<coValue>0.4</coValue>
					<o3Value>0.040</o3Value>
					<no2Value>0.008</no2Value>
					<pm10Value>36</pm10Value>
					
					
				    
					<khaiValue>61</khaiValue>
					<khaiGrade>2</khaiGrade>
					<so2Grade>1</so2Grade>
					<coGrade>1</coGrade>
					<o3Grade>2</o3Grade>
					<no2Grade>1</no2Grade>
					<pm10Grade>2</pm10Grade>
					
				    
				</item>
			
				<item>
					<stationName>신음동</stationName>
					
					<dataTime>2017-06-11 01:00</dataTime>
					<so2Value>0.003</so2Value>
					<coValue>0.5</coValue>
					<o3Value>0.042</o3Value>
					<no2Value>0.008</no2Value>
					<pm10Value>34</pm10Value>
					
					
				    
					<khaiValue>60</khaiValue>
					<khaiGrade>2</khaiGrade>
					<so2Grade>1</so2Grade>
					<coGrade>1</coGrade>
					<o3Grade>2</o3Grade>
					<no2Grade>1</no2Grade>
					<pm10Grade>2</pm10Grade>
					
				    
				</item>
			
				<item>
					<stationName>남문동</stationName>
					
					<dataTime>2017-06-10 24:00</dataTime>
					<so2Value>0.003</so2Value>
					<coValue>0.4</coValue>
					<o3Value>0.047</o3Value>
					<no2Value>0.005</no2Value>
					<pm10Value>25</pm10Value>
					
					
				    
					<khaiValue>64</khaiValue>
					<khaiGrade>2</khaiGrade>
					<so2Grade>1</so2Grade>
					<coGrade>1</coGrade>
					<o3Grade>2</o3Grade>
					<no2Grade>1</no2Grade>
					<pm10Grade>2</pm10Grade>
					
				    
				</item>
			
				<item>
					<stationName>공단동</stationName>
					
					<dataTime>2017-06-11 01:00</dataTime>
					<so2Value>0.005</so2Value>
					<coValue>0.3</coValue>
					<o3Value>0.039</o3Value>
					<no2Value>0.013</no2Value>
					<pm10Value>41</pm10Value>
					
					
				    
					<khaiValue>67</khaiValue>
					<khaiGrade>2</khaiGrade>
					<so2Grade>1</so2Grade>
					<coGrade>1</coGrade>
					<o3Grade>2</o3Grade>
					<no2Grade>1</no2Grade>
					<pm10Grade>2</pm10Grade>
					
				    
				</item>
			
				<item>
					<stationName>원평동</stationName>
					
					<dataTime>2017-06-11 01:00</dataTime>
					<so2Value>0.003</so2Value>
					<coValue>0.5</coValue>
					<o3Value>0.049</o3Value>
					<no2Value>0.008</no2Value>
					<pm10Value>30</pm10Value>
					
					
				    
					<khaiValue>66</khaiValue>
					<khaiGrade>2</khaiGrade>
					<so2Grade>1</so2Grade>
					<coGrade>1</coGrade>
					<o3Grade>2</o3Grade>
					<no2Grade>1</no2Grade>
					<pm10Grade>2</pm10Grade>
					
				    
				</item>
			
				<item>
					<stationName>형곡동</stationName>
					
					<dataTime>2017-06-11 01:00</dataTime>
					<so2Value>0.005</so2Value>
					<coValue>0.5</coValue>
					<o3Value>0.042</o3Value>
					<no2Value>0.009</no2Value>
					<pm10Value>22</pm10Value>
					
					
				    
					<khaiValue>-</khaiValue>
					<khaiGrade></khaiGrade>
					<so2Grade>1</so2Grade>
					<coGrade>1</coGrade>
					<o3Grade>2</o3Grade>
					<no2Grade>1</no2Grade>
					<pm10Grade>2</pm10Grade>
					
				    
				</item>
			
				<item>
					<stationName>4공단</stationName>
					
					<dataTime>2017-06-11 01:00</dataTime>
					<so2Value>0.004</so2Value>
					<coValue>0.7</coValue>
					<o3Value>0.093</o3Value>
					<no2Value>0.008</no2Value>
					<pm10Value>29</pm10Value>
					
					
				    
					<khaiValue>106</khaiValue>
					<khaiGrade>3</khaiGrade>
					<so2Grade>1</so2Grade>
					<coGrade>1</coGrade>
					<o3Grade>3</o3Grade>
					<no2Grade>1</no2Grade>
					<pm10Grade>2</pm10Grade>
					
				    
				</item>
			
				<item>
					<stationName>휴천동</stationName>
					
					<dataTime>2017-06-11 01:00</dataTime>
					<so2Value>0.002</so2Value>
					<coValue>0.3</coValue>
					<o3Value>0.036</o3Value>
					<no2Value>0.008</no2Value>
					<pm10Value>20</pm10Value>
					
					
				    
					<khaiValue>57</khaiValue>
					<khaiGrade>2</khaiGrade>
					<so2Grade>1</so2Grade>
					<coGrade>1</coGrade>
					<o3Grade>2</o3Grade>
					<no2Grade>1</no2Grade>
					<pm10Grade>2</pm10Grade>
					
				    
				</item>
			
				<item>
					<stationName>중방동</stationName>
					
					<dataTime>2017-06-11 02:00</dataTime>
					<so2Value>0.008</so2Value>
					<coValue>0.5</coValue>
					<o3Value>0.036</o3Value>
					<no2Value>0.006</no2Value>
					<pm10Value>32</pm10Value>
					
					
				    
					<khaiValue>65</khaiValue>
					<khaiGrade>2</khaiGrade>
					<so2Grade>1</so2Grade>
					<coGrade>1</coGrade>
					<o3Grade>2</o3Grade>
					<no2Grade>1</no2Grade>
					<pm10Grade>2</pm10Grade>
					
				    
				</item>
			
				<item>
					<stationName>지품면</stationName>
					
					<dataTime>2017-06-11 01:00</dataTime>
					<so2Value>0.003</so2Value>
					<coValue>0.1</coValue>
					<o3Value>0.036</o3Value>
					<no2Value>0.003</no2Value>
					<pm10Value>22</pm10Value>
					
					
				    
					<khaiValue>55</khaiValue>
					<khaiGrade>2</khaiGrade>
					<so2Grade>1</so2Grade>
					<coGrade>1</coGrade>
					<o3Grade>2</o3Grade>
					<no2Grade>1</no2Grade>
					<pm10Grade>1</pm10Grade>
					
				    
				</item>
			
				<item>
					<stationName>화북면</stationName>
					
					<dataTime>2017-06-11 01:00</dataTime>
					<so2Value>0.003</so2Value>
					<coValue>0.4</coValue>
					<o3Value>0.031</o3Value>
					<no2Value>0.009</no2Value>
					<pm10Value>25</pm10Value>
					
					
				    
					<khaiValue>52</khaiValue>
					<khaiGrade>2</khaiGrade>
					<so2Grade>1</so2Grade>
					<coGrade>1</coGrade>
					<o3Grade>2</o3Grade>
					<no2Grade>1</no2Grade>
					<pm10Grade>2</pm10Grade>
					
				    
				</item>
			
				<item>
					<stationName>안계면</stationName>
					
					<dataTime>2017-06-11 01:00</dataTime>
					<so2Value>0.002</so2Value>
					<coValue>0.1</coValue>
					<o3Value>0.040</o3Value>
					<no2Value>0.004</no2Value>
					<pm10Value>22</pm10Value>
					
					
				    
					<khaiValue>59</khaiValue>
					<khaiGrade>2</khaiGrade>
					<so2Grade>1</so2Grade>
					<coGrade>1</coGrade>
					<o3Grade>2</o3Grade>
					<no2Grade>1</no2Grade>
					<pm10Grade>2</pm10Grade>
					
				    
				</item>
			
				<item>
					<stationName>태하리</stationName>
					
					<dataTime>2017-06-11 01:00</dataTime>
					<so2Value>0.001</so2Value>
					<coValue>0.1</coValue>
					<o3Value>0.051</o3Value>
					<no2Value>0.008</no2Value>
					<pm10Value>36</pm10Value>
					
					
				    
					<khaiValue>68</khaiValue>
					<khaiGrade>2</khaiGrade>
					<so2Grade>1</so2Grade>
					<coGrade>1</coGrade>
					<o3Grade>2</o3Grade>
					<no2Grade>1</no2Grade>
					<pm10Grade>2</pm10Grade>
					
				    
				</item>
			
		</items>
			<numOfRows>81</numOfRows>
			<pageNo>1</pageNo>
			<totalCount>18</totalCount>
	</body>
</response>
